工件,作业标识号,生产物流号,合作序号,开始时间,结束时间,所选机器,机器号,续作机器,锁定机器,机器容量,切换时间,深浅色,色号,机器常染颜色,能否荧光,轴型,优先级,生产顺序,开始时间,结束时间,锁定顺序,合作订单,合作生产物流号,合作染程用时
140,2213281,202404140038,8764177,485.0,910.0,20,209,[],,40,60.0,中色,041040CAJ-24B40370,浅色,True,S,47.7,1,485.0,910.0,,,,
152,2213293,202404190303,8769529,1030.0,1455.0,20,209,[],,40,60.0,浅色,9E2100CAJ-24B10394,浅色,False,S,47.7,2,1030.0,1455.0,,,,
162,2213292,202404190302,8769526,1515.0,1940.0,20,209,[],,40,60.0,浅色,9E2100CAJ-24B10393,浅色,False,S,47.7,3,1515.0,1940.0,,,,
188,2213271,202404140142,8764042,5875.0,6300.0,20,209,[],,40,60.0,浅色,041040CAJ-24M40004,浅色,False,S,47.7,4,5875.0,6300.0,,,,
98,4625389,202404190081,8768207,6360.0,6785.0,20,209,[],,40,120.0,浅色,451050CAKZ-23R10147,浅色,True,纱架,47.4,5,6360.0,6785.0,,,,
161,2213750,202404190081,8768203,8300.0,8725.0,20,209,[],,40,60.0,浅色,041050CAZ-23R41835,浅色,True,S,47.4,6,8300.0,8725.0,,,,
165,2213814,202404270195,8776389,13630.0,14055.0,20,209,[],,40,60.0,浅色,042100CAJ-15P150659,浅色,False,S,46.5,7,13630.0,14055.0,,,,
77,4628763,202404250324,8774119,16235.0,16660.0,20,209,[],,40,120.0,浅色,041050CAJ-24R42247,浅色,True,纱架,44.7,8,16235.0,16660.0,,,,
40,4626625,202403300042,8749993,16780.0,17205.0,20,209,[],,40,120.0,浅色,961040CJX-24Y10004,浅色,True,纱架,44.4,9,16780.0,17205.0,,,,
71,4628645,202404260132,8774562,17325.0,17750.0,20,209,[],,40,120.0,浅色,041050CAJ-24Y40719,浅色,False,纱架,44.4,10,17325.0,17750.0,,,,
52,4605946,202403220187,8739658,0.0,425.0,21,210,[],,40,120.0,浅浅,041080CAJ-23B220469,浅浅,True,纱架,74.7,1,0.0,425.0,,,,
97,4620237,202404060201,8757092,545.0,970.0,21,210,[],,40,120.0,浅浅,041050CK-24H41166,浅浅,True,纱架,50.7,2,545.0,970.0,,,,
92,4627033,202404200315,8770318,1090.0,1515.0,21,210,[],,40,120.0,浅浅,041020CL-24Z42475,浅浅,True,纱架,48.3,3,1090.0,1515.0,,,,
17,4628452,202404240224,8772715,1635.0,2060.0,21,210,[],,40,120.0,浅浅,041060CAJ-24Z42933,浅浅,False,纱架,47.7,4,1635.0,2060.0,,,,
24,4628765,202404260169,8775348,2180.0,2605.0,21,210,[],,40,120.0,浅浅,041050CAJ-24Z43047,浅浅,True,纱架,47.7,5,2180.0,2605.0,,,,
29,4628449,202404250205,8774437,2725.0,3150.0,21,210,[],,40,120.0,浅浅,041060CAJ-24Z43030,浅浅,True,纱架,47.7,6,2725.0,3150.0,,,,
96,4628344,202403270069,8746165,3270.0,3695.0,21,210,[],,40,120.0,浅浅,932040CJX-24H10004,浅浅,True,纱架,47.7,7,3270.0,3695.0,,,,
100,4625182,202403290292,8749515,3815.0,4240.0,21,210,[],,40,120.0,浅浅,041060CHJ-24M400019,浅浅,False,纱架,47.7,8,3815.0,4240.0,,,,
101,4625181,202403290288,8749511,4360.0,4785.0,21,210,[],,40,120.0,浅浅,041060CHJ-24M400021,浅浅,False,纱架,47.7,9,4360.0,4785.0,,,,
149,2212170,202403260111,8750536,4905.0,5330.0,21,210,[],,40,60.0,浅浅,812100CAJX-20P10258,浅浅,False,S,47.7,10,4905.0,5330.0,,,,
156,2213291,202404190302,8769525,5390.0,5815.0,21,210,[],,40,60.0,浅浅,9E2100CAJ-24B10392,浅浅,False,S,47.7,11,5390.0,5815.0,,,,
157,2212759,202403270071,8746479,5875.0,6300.0,21,210,[],,40,60.0,浅浅,5C4100CJR-24Z10147,浅浅,True,L,47.7,12,5875.0,6300.0,,,,
159,2212167,202403260111,8750537,6360.0,6785.0,21,210,[],,40,60.0,浅浅,812100CAJX-20P10259,浅浅,False,S,47.7,13,6360.0,6785.0,,,,
192,2213151,202404180012,8766779,6845.0,7270.0,21,210,[],,40,60.0,浅浅,042080CHJ-15B260516,浅浅,False,S,47.7,14,6845.0,7270.0,,,,
196,2213288,202404190301,8769521,7330.0,7755.0,21,210,[],,40,60.0,浅浅,9E2100CAJ-24P10041,浅浅,False,S,47.7,15,7330.0,7755.0,,,,
202,2212764,202403270069,8746162,7815.0,8240.0,21,210,[],,40,60.0,浅浅,5C4100CJR-24H10083,浅浅,True,S,47.7,16,7815.0,8240.0,,,,
3,4625515,202404070112,8758025,8300.0,8725.0,21,210,[],,40,120.0,浅浅,111030CJ-24Z10059,浅浅,True,纱架,47.4,17,8300.0,8725.0,,,,
5,4625508,202404060252,8758548,8845.0,9270.0,21,210,[],,40,120.0,浅浅,111030CJ-23Z10218,浅浅,True,纱架,47.4,18,8845.0,9270.0,,,,
9,4626253,202404090006,8758517,9390.0,9815.0,21,210,[],,40,120.0,浅浅,261050CJ-24B10007,浅浅,False,纱架,47.4,19,9390.0,9815.0,,,,
10,4626254,202404090006,8758515,9935.0,10360.0,21,210,[],,40,120.0,浅浅,261050CJ-24B10011,浅浅,False,纱架,47.4,20,9935.0,10360.0,,,,
19,4628462,202404250192,8775793,10480.0,10905.0,21,210,[],,40,120.0,浅浅,041050CAJ-24H42544,浅浅,True,纱架,47.4,21,10480.0,10905.0,,,,
25,4628738,202404250265,8774335,11025.0,11450.0,21,210,[],,40,120.0,浅浅,041060CAJ-24B49180,浅浅,True,纱架,47.4,22,11025.0,11450.0,,,,
27,4628736,202404250265,8774337,11570.0,11995.0,21,210,[],,40,120.0,浅浅,041060CAJ-24Z43024,浅浅,True,纱架,47.4,23,11570.0,11995.0,,,,
32,4628418,202404250030,8774873,12115.0,12540.0,21,210,[],,40,120.0,浅浅,041050CAJ-24H40770,浅浅,False,纱架,47.4,24,12115.0,12540.0,,,,
144,2212847,202404180236,8767196,12660.0,13085.0,21,210,[],,40,60.0,浅浅,042080CAJ-24B401317,浅浅,False,S,47.4,25,12660.0,13085.0,,,,
167,2213749,202404190081,8768204,13145.0,13570.0,21,210,[],,40,60.0,浅浅,041050CAZ-23R41836,浅浅,True,S,47.4,26,13145.0,13570.0,,,,
177,2213302,202404180194,8766734,13630.0,14055.0,21,210,[],,40,60.0,浅浅,9E2100CAJ-23H10239,浅浅,False,S,47.4,27,13630.0,14055.0,,,,
184,2213303,202404180194,8766735,14115.0,14540.0,21,210,[],,40,60.0,浅浅,9E2100CAJ-23H10240,浅浅,False,S,47.4,28,14115.0,14540.0,,,,
8,4627334,202404180045,8766481,14600.0,15025.0,21,210,[],,40,120.0,浅浅,092096CJR-24H10236,浅浅,True,纱架,46.5,29,14600.0,15025.0,,,,
30,4626504,202404250032,8777349,15145.0,15570.0,21,210,[],,40,120.0,浅浅,042100CAJ-24G220037,浅浅,True,纱架,46.5,30,15145.0,15570.0,,,,
36,4626513,202404270088,8776920,15690.0,16115.0,21,210,[],,40,120.0,浅浅,042120CAJ-24G220041,浅浅,True,纱架,46.5,31,15690.0,16115.0,,,,
113,4626602,202403310073,8751571,16235.0,16660.0,21,210,[],,40,120.0,浅浅,452120CAKR-24P10069,浅浅,False,纱架,46.5,32,16235.0,16660.0,,,,
116,4626600,202403310072,8751576,16780.0,17205.0,21,210,[],,40,120.0,浅浅,452120CAKR-24R10119,浅浅,False,纱架,46.5,33,16780.0,17205.0,,,,
151,2213471,202404230078,8771424,17325.0,17750.0,21,210,[],,40,60.0,浅浅,9E2100CAJ-23B10765,浅浅,False,S,46.5,34,17325.0,17750.0,,,,
182,2212907,202404240048,8772514,17810.0,18235.0,21,210,[],,40,60.0,浅浅,042100CAJ-20Z220126,浅浅,False,S,46.5,35,17810.0,18235.0,,,,
72,4628410,202404240224,8772720,18295.0,18720.0,21,210,[],,40,120.0,浅浅,041050CAJ-24Z42934,浅浅,False,纱架,44.7,36,18295.0,18720.0,,,,
78,4628409,202404240203,8773012,18840.0,19265.0,21,210,[],,40,120.0,浅浅,041050CAJ-24Z41051,浅浅,True,纱架,44.7,37,18840.0,19265.0,,,,
79,4628407,202404240194,8772769,19385.0,19810.0,21,210,[],,40,120.0,浅浅,041050CAJ-24Z42893,浅浅,True,纱架,44.7,38,19385.0,19810.0,,,,
81,4628759,202404250205,8774440,19930.0,20355.0,21,210,[],,40,120.0,浅浅,041050CAJ-24Z43034,浅浅,True,纱架,44.7,39,19930.0,20355.0,,,,
125,4627971,202404110089,8759769,20475.0,20900.0,21,210,[],,40,120.0,浅浅,041080CAJS-24B650206,浅浅,False,纱架,44.7,40,20475.0,20900.0,,,,
39,4626624,202403300041,8749991,21020.0,21445.0,21,210,[],,40,120.0,浅浅,961040CJX-22B10033,浅浅,True,纱架,44.4,41,21020.0,21445.0,,,,
43,4627907,202404200308,8779139,21565.0,21990.0,21,210,[],,40,120.0,浅浅,802040JX-24P10010,浅浅,True,纱架,44.4,42,21565.0,21990.0,,,,
68,4628711,202404270061,8775641,22110.0,22535.0,21,210,[],,40,120.0,浅浅,041050CAJ-24B48990,浅浅,False,纱架,44.4,43,22110.0,22535.0,,,,
80,4628757,202404250370,8774008,22655.0,23080.0,21,210,[],,40,120.0,浅浅,041050CAJ-24Z43033,浅浅,True,纱架,44.4,44,22655.0,23080.0,,,,
38,4627985,202404280030,8776644,23200.0,23625.0,21,210,[],,40,120.0,浅浅,042100CAKR-23B402151,浅浅,False,纱架,43.5,45,23200.0,23625.0,,,,
42,4626563,202403310073,8751569,23745.0,24170.0,21,210,[],,40,120.0,浅浅,151060CAJ-24P10005,浅浅,False,纱架,43.5,46,23745.0,24170.0,,,,
61,4627677,202404180045,8766486,24290.0,24715.0,21,210,[],,40,120.0,浅浅,092096CJR-24H10234,浅浅,True,纱架,43.5,47,24290.0,24715.0,,,,
128,4627871,202405060117,8779298,0.0,425.0,22,211,[],,40,120.0,浅色,801060AJXS-23R10094,浅色,True,纱架,48.3,1,0.0,425.0,,,,
137,2213462,202404170162,8765827,545.0,970.0,22,211,[],,40,60.0,浅色,041090CAJ-14B154644,浅色,False,S,47.7,2,545.0,970.0,,,,
22,4626187,202404250052,8776985,1635.0,2060.0,22,211,[],,40,120.0,浅色,041050CAJ-24Y41253,浅色,True,纱架,47.4,3,1635.0,2060.0,,,,
154,2213163,202404270197,8776692,7815.0,8240.0,22,211,[],,40,60.0,浅色,042080HJ-17B1011770,浅色,False,S,47.4,4,7815.0,8240.0,,,,
114,4626591,202403310071,8751566,8420.0,8845.0,22,211,[],,40,120.0,浅色,452120CAKR-23B11106,浅色,False,纱架,46.5,5,8420.0,8845.0,,,,
76,4628414,202404250014,8773622,15145.0,15570.0,22,211,[],,40,120.0,中色,041050CAJ-24R42244,浅色,True,纱架,44.7,6,15145.0,15570.0,,,,
75,4628745,202404260157,8774759,15690.0,16115.0,22,211,[],,40,120.0,中色,041050CAJ-24R42239,浅色,True,纱架,44.4,7,15690.0,16115.0,,,,
84,4627320,202404110081,8760319,18840.0,19265.0,22,211,[],,40,120.0,中色,451040CAK-24B10751,浅色,False,纱架,43.5,8,18840.0,19265.0,,,,
86,4627316,202404110079,8760311,19930.0,20355.0,22,211,[],,40,120.0,浅色,451040CAK-24R10182,浅色,False,纱架,43.5,9,19930.0,20355.0,,,,
28,4628762,202404260007,8774098,545.0,970.0,23,212,[],,40,120.0,深色,041060CAJ-24Z43041,深色,True,纱架,47.7,1,545.0,970.0,,,,
21,4628751,202404250262,8774018,1575.0,2000.0,23,212,[],,40,120.0,深色,041050CAJ-24P40932,深色,True,纱架,47.4,2,1575.0,2000.0,,,,
35,4628769,202404270173,8777861,2180.0,2605.0,23,212,[],,40,120.0,深色,122080CAJX-24K10042,深色,False,纱架,47.4,3,2180.0,2605.0,,,,
153,2212848,202404180236,8767197,7330.0,7755.0,23,212,[],,40,60.0,深色,042080CAJ-24B401318,深色,False,S,47.4,4,7330.0,7755.0,,,,
12,4628776,202404200316,8770311,11025.0,11450.0,23,212,[],,40,120.0,深色,041020CL-24B47547,深色,True,纱架,45.3,5,11025.0,11450.0,,,,
70,4628731,202404260096,8774360,12115.0,12540.0,23,212,[],,40,120.0,深色,041050CAJ-24K41278,深色,False,纱架,44.4,6,12115.0,12540.0,,,,
54,4628772,202404270113,8777309,16235.0,16660.0,23,212,[],,40,120.0,深色,811050AJX-24B10056,深色,True,纱架,43.5,7,16235.0,16660.0,,,,
85,4627321,202404110082,8760323,16780.0,17205.0,23,212,[],,40,120.0,深色,451040CAK-24G10130,深色,False,纱架,43.5,8,16780.0,17205.0,,,,
118,4624170,202403020021,8719003,0.0,425.0,24,213,[],,40,120.0,中色,041060CAJS-23B700012,深色,True,纱架,50.7,1,0.0,425.0,,,,
18,4628749,202404250262,8774016,1090.0,1515.0,24,213,[],,40,120.0,中色,041050CAJ-24B49185,深色,True,纱架,47.4,2,1090.0,1515.0,,,,
136,2213274,202404140142,8764041,0.0,425.0,25,301,[],,40,60.0,深色,041040CAJ-24H40143,深色,False,S,47.7,1,0.0,425.0,,,,
2,4626268,202404240100,8775159,4905.0,5330.0,25,301,[],,40,120.0,中色,811030CAJX-24H10056,深色,True,纱架,46.5,2,4905.0,5330.0,,,,
31,4626506,202404250032,8777350,8965.0,9390.0,25,301,[],,40,120.0,深色,042100CAJ-24K220055,深色,True,纱架,46.5,3,8965.0,9390.0,,,,
126,4627972,202404110090,8759784,12115.0,12540.0,25,301,[],,40,120.0,深色,041080CAJS-24H650068,深色,False,纱架,44.7,4,12115.0,12540.0,,,,
55,4628771,202404270126,8777801,15690.0,16115.0,25,301,[],,40,120.0,深色,811050AJX-24R10026,深色,True,纱架,44.4,5,15690.0,16115.0,,,,
168,2213121,202404260073,8774796,0.0,425.0,26,711,[],,40,60.0,增白,041060CAJ-24W220025,增白,False,S,77.7,1,0.0,425.0,,,,
91,4628280,202405040098,8778586,485.0,910.0,26,711,[],,40,120.0,增白,041060CJS-23W650394,增白,False,纱架,71.7,2,485.0,910.0,,,,
33,4623448,202404190202,8767741,1030.0,1455.0,26,711,[],,40,120.0,增白,122100CJR-24W10351,增白,False,纱架,47.7,3,1030.0,1455.0,,,,
197,2213141,202403180076,8735149,6845.0,7270.0,26,711,[],,40,60.0,增白,032100CJ-24W10320,增白,False,S,47.7,4,6845.0,7270.0,,,,
93,4627113,202404270196,8776698,7330.0,7755.0,26,711,[],,40,120.0,增白,041050HJ-18W400753,增白,False,纱架,47.4,5,7330.0,7755.0,,,,
94,4627114,202404270197,8776693,7875.0,8300.0,26,711,[],,40,120.0,增白,041050HJ-18W400759,增白,False,纱架,47.4,6,7875.0,8300.0,,,,
34,4627909,202404240106,8772552,9390.0,9815.0,26,711,[],,40,120.0,增白,042100CAJ-22W220034,增白,False,纱架,46.5,7,9390.0,9815.0,,,,
112,4627118,202404260022,8773759,9935.0,10360.0,26,711,[],,40,120.0,增白,042080CAJ-21P220002,增白,False,纱架,46.5,8,9935.0,10360.0,,,,
115,4626590,202403310071,8751565,11570.0,11995.0,26,711,[],,40,120.0,增白,452120CAKR-23W10870,增白,False,纱架,46.5,9,11570.0,11995.0,,,,
133,2213741,202404270311,8776010,14115.0,14540.0,26,711,[],,40,60.0,增白,041050CAJ-05W0004,增白,False,S,46.5,10,14115.0,14540.0,,,,
124,4627976,202404250207,8772869,17325.0,17750.0,26,711,[],,40,120.0,增白,042100CJRS-23W650065,增白,False,纱架,44.4,11,17325.0,17750.0,,,,
87,4627317,202404110079,8760312,20475.0,20900.0,26,711,[],,40,120.0,增白,451040CAK-24W10687,增白,False,纱架,43.5,12,20475.0,20900.0,,,,
20,4628734,202404250354,8774156,0.0,425.0,27,1006,[],,40,120.0,浅色,041050CAJ-24H42583,浅色,True,纱架,47.7,1,0.0,425.0,,,,
158,2213280,202404140038,8764176,545.0,970.0,27,1006,[],,40,60.0,浅色,041040CAJ-24B40369,浅色,True,S,47.7,2,545.0,970.0,,,,
181,2213289,202404190301,8769522,5390.0,5815.0,27,1006,[],,40,60.0,浅色,9E2100CAJ-24P10042,浅色,False,S,47.7,3,5390.0,5815.0,,,,
130,2213464,202404270298,8775913,7815.0,8240.0,27,1006,[],,40,60.0,浅色,041090CAJ-14B154621,浅色,False,S,47.4,4,7815.0,8240.0,,,,
13,4628775,202404200316,8770310,11570.0,11995.0,27,1006,[],,40,120.0,浅色,041020CL-24Z42471,浅色,True,纱架,45.3,5,11570.0,11995.0,,,,
51,4627507,202404060203,8756730,12115.0,12540.0,27,1006,[],,40,120.0,浅色,191060CJ-24Y10003,浅色,True,纱架,43.5,6,12115.0,12540.0,,,,
88,4627318,202404110080,8760315,19385.0,19810.0,27,1006,[],,40,120.0,浅色,451040CAK-24Z10230,浅色,False,纱架,43.5,7,19385.0,19810.0,,,,
127,4628538,202404270120,8775198,0.0,425.0,28,1007,[],,40,120.0,深色,122064AJRX-23Z10302,深色,True,纱架,50.7,1,0.0,425.0,,,,
26,4628761,202404260007,8774097,545.0,970.0,28,1007,[],,40,120.0,中色,041060CAJ-24H42605,深色,True,纱架,47.7,2,545.0,970.0,,,,
201,2212884,202404180014,8765860,7330.0,7755.0,28,1007,[],,40,60.0,中色,041050CAJ-24H220036,深色,False,S,47.7,3,7330.0,7755.0,,,,
155,2213465,202404270298,8775914,7815.0,8240.0,28,1007,[],,40,60.0,中色,041090CAJ-14B154622,深色,False,S,47.4,4,7815.0,8240.0,,,,
189,2213458,202405030117,8778143,8300.0,8725.0,28,1007,[],,40,60.0,中色,042100CAJ-19B409878,深色,False,S,47.4,5,8300.0,8725.0,,,,
148,2213305,202404250160,8773537,8785.0,9210.0,28,1007,[],,40,60.0,中色,9E2100CAJ-24B10401,深色,False,S,46.5,6,8785.0,9210.0,,,,
178,2213451,202404270242,8776418,13145.0,13570.0,28,1007,[],,40,60.0,中色,042120CAJ-14B107610,深色,False,S,46.5,7,13145.0,13570.0,,,,
11,4628774,202404200316,8770309,13630.0,14055.0,28,1007,[],,40,120.0,中色,041020CL-24B47545,深色,True,纱架,45.3,8,13630.0,14055.0,,,,
166,2212885,202404180014,8765861,0.0,425.0,42,507,[],,90,60.0,增白,041050CAJ-05W0004,增白,False,S,47.7,1,0.0,425.0,,,,
171,2212168,202403260111,8750535,970.0,1395.0,42,507,[],,90,60.0,增白,812100CAJX-20W10892,增白,False,S,47.7,2,970.0,1395.0,,,,
99,4626762,202404240088,8772510,1455.0,1880.0,42,507,[],,90,120.0,增白,223022CDWA-1710661,增白,False,纱架,47.4,3,1455.0,1880.0,,,,
187,2213128,202405030007,8777947,2000.0,2425.0,42,507,[],,90,60.0,增白,041060CJ-05W0004,增白,False,M,47.4,4,2000.0,2425.0,,,,
142,2213038,202404270212,8776235,2485.0,2910.0,42,507,[],,90,60.0,增白,041060CJ-24W400484,增白,False,S,45.9,5,2485.0,2910.0,,,,
143,2213039,202404270201,8775868,2970.0,3395.0,42,507,[],,90,60.0,增白,041060CJ-05W0003,增白,False,S,45.9,6,2970.0,3395.0,,,,
50,4627944,202404270284,8776464,4300.0,4725.0,42,507,[],,90,120.0,增白,041040CAJ-05W0004,增白,False,纱架,44.4,7,4300.0,4725.0,,,,
53,4627903,202404200098,8768878,4905.0,5330.0,42,507,[],,90,120.0,增白,021045CJ-23W10229,增白,False,纱架,42.9,8,4905.0,5330.0,,,,
4,4625511,202404060252,8758546,0.0,425.0,43,708,[],,90,120.0,浅浅,111030CJ-23Z10216,浅浅,True,纱架,47.4,1,0.0,425.0,,,,
102,4625844,202404240001,8771781,545.0,970.0,43,708,[],,90,120.0,浅浅,042100CAJ-22B85725,浅浅,True,纱架,47.4,2,545.0,970.0,,,,
111,4627120,202404200064,8772489,1090.0,1515.0,43,708,[],,90,120.0,浅色,042080HJ-21B293758,浅浅,False,纱架,47.4,3,1090.0,1515.0,,,,
1,4626267,202404240100,8775162,1635.0,2060.0,43,708,[],,90,120.0,浅色,811030CAJX-24B10128,浅浅,True,纱架,46.5,4,1635.0,2060.0,,,,
103,4626663,202404240096,8772682,2180.0,2605.0,43,708,[],,90,120.0,浅色,041060CAJ-15Y73260,浅浅,True,纱架,46.5,5,2180.0,2605.0,,,,
14,4628653,202404270084,8775375,2725.0,3150.0,43,708,[],,90,120.0,浅色,041040CJ-24Z41173,浅浅,True,纱架,45.9,6,2725.0,3150.0,,,,
47,4626539,202404210021,8772339,3270.0,3695.0,43,708,[],,90,120.0,浅浅,041060CAJ-23B220620,浅浅,True,纱架,44.7,7,3270.0,3695.0,,,,
48,4626543,202404210024,8772294,3815.0,4240.0,43,708,[],,90,120.0,浅浅,041060CAJ-23B81210,浅浅,True,纱架,44.7,8,3815.0,4240.0,,,,
44,4623749,202404110259,8761071,4360.0,4785.0,43,708,[],,90,120.0,浅浅,041040J-23M400111,浅浅,True,纱架,44.4,9,4360.0,4785.0,,,,
45,4623750,202404110260,8761075,4905.0,5330.0,43,708,[],,90,120.0,浅浅,041040J-23M400113,浅浅,True,纱架,44.4,10,4905.0,5330.0,,,,
64,4628845,202404260173,8775049,5450.0,5875.0,43,708,[],,90,120.0,浅色,042010CY-24Z43218,浅浅,True,纱架,43.5,11,5450.0,5875.0,,,,
41,4627904,202404200115,8769418,5995.0,6420.0,43,708,[],,90,120.0,浅色,261050CJ-23Y10017,浅浅,True,纱架,40.5,12,5995.0,6420.0,,,,
23,4628733,202404250354,8774157,0.0,425.0,44,710,[],,90,120.0,中色,041050CAJ-24Z43018,浅浅,True,纱架,47.7,1,0.0,425.0,,,,
134,2213768,202404210023,8772285,545.0,970.0,44,710,[],,90,60.0,中色,041060CAJ-23Z52727,浅浅,True,S,47.7,2,545.0,970.0,,,,
117,4623741,202404110257,8761062,1030.0,1455.0,44,710,[],,90,120.0,中色,041040K-23R401316,浅浅,True,纱架,47.4,3,1030.0,1455.0,,,,
6,4627339,202404180065,8766491,1575.0,2000.0,44,710,[],,90,120.0,中色,092096CJR-24H10233,浅浅,True,纱架,46.5,4,1575.0,2000.0,,,,
7,4627678,202404180045,8766483,2120.0,2545.0,44,710,[],,90,120.0,浅浅,092096CJR-24H10234,浅浅,True,纱架,46.5,5,2120.0,2545.0,,,,
46,4626534,202404200313,8772257,2665.0,3090.0,44,710,[],,90,120.0,浅浅,041060CAJ-24H41020,浅浅,True,纱架,44.7,6,2665.0,3090.0,,,,
49,4626537,202404210019,8772272,3210.0,3635.0,44,710,[],,90,120.0,浅浅,041060CAJ-23H48571,浅浅,True,纱架,44.7,7,3210.0,3635.0,,,,
73,4628730,202404250125,8773959,3755.0,4180.0,44,710,[],,90,120.0,浅浅,041050CAJ-24H42569,浅浅,True,纱架,44.7,8,3755.0,4180.0,,,,
69,4628668,202404250106,8774390,4360.0,4785.0,44,710,[],,90,120.0,浅浅,041050CAJ-24H42372,浅浅,False,纱架,44.4,9,4360.0,4785.0,,,,
56,4628791,202404270221,8775648,5450.0,5875.0,44,710,[],,90,120.0,浅浅,041060CJ-20B292239,浅浅,False,纱架,42.9,10,5450.0,5875.0,,,,
132,2213265,202404140034,8767478,0.0,425.0,45,1011,[],,90,60.0,深色,041050CZ-24B40306,深色,False,M,47.7,1,0.0,425.0,,,,
163,2213767,202404200314,8772258,485.0,910.0,45,1011,[],,90,60.0,深色,041060CAJ-24B43925,深色,True,S,47.7,2,485.0,910.0,,,,
179,2213766,202404200265,8772367,1030.0,1455.0,45,1011,[],,90,60.0,深色,041050CAJ-23R220099,深色,True,S,47.7,3,1030.0,1455.0,,,,
138,2211969,202404160085,8764912,1515.0,1940.0,45,1011,[],,90,60.0,深色,041040CAJ-24K40865,深色,True,M,45.9,4,1515.0,1940.0,,,,
108,4627967,202404150063,8765679,4845.0,5270.0,45,1011,[],,90,120.0,深色,042080CAJ-24B46393,深色,True,纱架,45.3,5,4845.0,5270.0,,,,
67,4626257,202404090007,8758541,5390.0,5815.0,45,1011,[],,90,120.0,深色,041050CJ-24R41374,深色,False,纱架,44.4,6,5390.0,5815.0,,,,
95,4611033,202402250011,8714212,0.0,425.0,46,1012,[],,90,120.0,深色,961030CAJX-23B10095,深色,True,纱架,47.7,1,0.0,425.0,,,,
150,2213765,202404200265,8772366,545.0,970.0,46,1012,[],,90,60.0,深色,041060CAJ-23R220098,深色,True,S,47.7,2,545.0,970.0,,,,
16,4625368,202404210079,8774890,1090.0,1515.0,46,1012,[],,90,120.0,深色,041030CJ-24K220056,深色,True,纱架,47.4,3,1090.0,1515.0,,,,
15,4628654,202404270084,8775376,2180.0,2605.0,46,1012,[],,90,120.0,深色,041040CJ-24H40969,深色,True,纱架,45.9,4,2180.0,2605.0,,,,
129,2213037,202404270212,8776236,2725.0,3150.0,46,1012,[],,90,60.0,深色,041060CJ-24B400677,深色,False,S,45.9,5,2725.0,3150.0,,,,
74,4628714,202404250139,8773639,4905.0,5330.0,46,1012,[],,90,120.0,深色,041050CAJ-24K41238,深色,True,纱架,44.7,6,4905.0,5330.0,,,,
131,2212902,202404130163,8763307,0.0,425.0,66,604,['604'],,200,60.0,增白,042100CAJ-05W0024,增白,False,M,47.7,1,0.0,425.0,,,,
139,2213290,202404190302,8769524,485.0,910.0,66,604,[],,200,60.0,增白,9E2100CAJ-24W10321,增白,False,M,47.7,2,485.0,910.0,,,,
146,2213631,202404180012,8766778,970.0,1395.0,66,604,['604'],,200,60.0,增白,042080CHJ-05W0013,增白,False,M,47.7,3,970.0,1395.0,,,,
190,2212787,202404170013,8765548,1455.0,1880.0,66,604,[],,200,60.0,增白,042100CHJ-05W0013,增白,False,M,47.7,4,1455.0,1880.0,,,,
200,2213287,202404190301,8769520,1940.0,2365.0,66,604,[],,200,60.0,增白,9E2100CAJ-24W10318,增白,False,M,47.7,5,1940.0,2365.0,,,,
135,2213669,202404300124,8777605,2425.0,2850.0,66,604,['604'],,200,60.0,增白,042100CAJ-05W0013,增白,False,L,42.0,6,2425.0,2850.0,,,,
59,4628610,202405060093,8779208,2910.0,3335.0,66,604,['604'],,200,120.0,增白,041060CAJS-23W650275,增白,False,纱架,40.5,7,2910.0,3335.0,,,,
37,4628641,202303280299,8423406,0.0,425.0,67,516,[],,200,120.0,中色,042100CAJ-23G40792,中色,False,纱架,44.7,1,0.0,425.0,,,,
65,4627454,202405030033,8778195,0.0,425.0,68,408,['408'],,200,120.0,浅浅,041040CJ-19B294039,浅色,False,纱架,44.4,1,0.0,425.0,,,,
57,4628606,202405040048,8778810,545.0,970.0,68,408,[],,200,120.0,浅浅,042060CAJS-24B650169,浅色,False,纱架,40.5,2,545.0,970.0,,,,
58,4628608,202405040049,8778438,1090.0,1515.0,68,408,[],,200,120.0,浅浅,042060CAJS-24H650059,浅色,False,纱架,40.5,3,1090.0,1515.0,,,,
66,4627815,202405030031,8778191,0.0,425.0,69,409,['409'],,200,120.0,深色,041040CJ-19B294040,浅色,False,纱架,44.4,1,0.0,425.0,,,,
120,4626065,202404260108,8774130,0.0,425.0,70,310,['310'],,200,120.0,深色,091075CDAS-18B12438,浅色,False,纱架,47.4,1,0.0,1515.0,,"['4626065', '4627424', '4627426']","['202404260108', '202404260108', '202404260108']","[425.0, 425.0, 425.0]"
120,4627424,202404260108,8774130,545.0,970.0,70,310,['310'],,200,120.0,深色,091075CDAS-18B12438,浅色,False,纱架,47.4,2,0.0,1515.0,,"['4626065', '4627424', '4627426']","['202404260108', '202404260108', '202404260108']","[425.0, 425.0, 425.0]"
120,4627426,202404260108,8774130,1090.0,1515.0,70,310,['310'],,200,120.0,深色,091075CDAS-18B12438,浅色,False,纱架,47.4,3,0.0,1515.0,,"['4626065', '4627424', '4627426']","['202404260108', '202404260108', '202404260108']","[425.0, 425.0, 425.0]"
121,4627439,202404260109,8774185,1635.0,2060.0,70,310,"['310', '504']",,200,120.0,深色,091075CDAS-18K10229,浅色,True,纱架,47.4,4,1635.0,2605.0,,"['4627439', '4627440']","['202404260109', '202404260109']","[425.0, 425.0]"
121,4627440,202404260109,8774185,2180.0,2605.0,70,310,"['310', '504']",,200,120.0,深色,091075CDAS-18K10229,浅色,True,纱架,47.4,5,1635.0,2605.0,,"['4627439', '4627440']","['202404260109', '202404260109']","[425.0, 425.0]"
180,2213701,202404130092,8762789,0.0,425.0,71,504,['504'],,200,60.0,深色,041060CJ-19B408220,深色,True,M,47.7,1,0.0,425.0,,,,
104,4626073,202404260099,8774568,485.0,910.0,71,504,['504'],,200,120.0,深色,041040CHJ-12K68606,深色,True,纱架,47.4,2,485.0,910.0,,,,
105,4626072,202404260100,8774574,1030.0,1455.0,71,504,['504'],,200,120.0,深色,041040CHJ-20B92943,深色,True,纱架,47.4,3,1030.0,1455.0,,,,
173,2213569,202404180107,8766158,1575.0,2000.0,71,504,[],,200,60.0,深色,041040CAJ-23K45410,深色,True,M,47.4,4,1575.0,2000.0,,,,
186,2213513,202404190217,8768050,2060.0,2485.0,71,504,[],,200,60.0,深色,042080CAJ-24B46364,深色,True,M,47.4,5,2060.0,2485.0,,,,
141,2213115,202404200315,8770316,2545.0,2970.0,71,504,[],,200,60.0,深色,041020CL-24B47549,深色,True,L,45.3,6,2545.0,2970.0,,,,
62,4627450,202404260133,8774410,3030.0,3455.0,71,504,['504'],,200,120.0,深色,041040CHJ-22K400949,深色,True,纱架,44.4,7,3030.0,3455.0,,,,
60,4628580,202405040064,8778459,0.0,425.0,73,309,"['309', '406']",,240,120.0,浅色,042120CJS-22B700056,浅色,False,纱架,74.7,1,0.0,2605.0,,"['4628580', '4628582', '4628583', '4628542', '4628213']","['202405040064', '202405040064', '202405040064', '202405040064', '202405040064']","[425.0, 425.0, 425.0, 425.0, 425.0]"
60,4628582,202405040064,8778459,545.0,970.0,73,309,"['309', '406']",,240,120.0,浅色,042120CJS-22B700056,浅色,False,纱架,74.7,2,0.0,2605.0,,"['4628580', '4628582', '4628583', '4628542', '4628213']","['202405040064', '202405040064', '202405040064', '202405040064', '202405040064']","[425.0, 425.0, 425.0, 425.0, 425.0]"
60,4628583,202405040064,8778459,1090.0,1515.0,73,309,"['309', '406']",,240,120.0,浅色,042120CJS-22B700056,浅色,False,纱架,74.7,3,0.0,2605.0,,"['4628580', '4628582', '4628583', '4628542', '4628213']","['202405040064', '202405040064', '202405040064', '202405040064', '202405040064']","[425.0, 425.0, 425.0, 425.0, 425.0]"
60,4628542,202405040064,8778459,1635.0,2060.0,73,309,"['309', '406']",,240,120.0,浅色,042120CJS-22B700056,浅色,False,纱架,74.7,4,0.0,2605.0,,"['4628580', '4628582', '4628583', '4628542', '4628213']","['202405040064', '202405040064', '202405040064', '202405040064', '202405040064']","[425.0, 425.0, 425.0, 425.0, 425.0]"
60,4628213,202405040064,8778459,2180.0,2605.0,73,309,"['309', '406']",,240,120.0,浅色,042120CJS-22B700056,浅色,False,纱架,74.7,5,0.0,2605.0,,"['4628580', '4628582', '4628583', '4628542', '4628213']","['202405040064', '202405040064', '202405040064', '202405040064', '202405040064']","[425.0, 425.0, 425.0, 425.0, 425.0]"
109,4626205,202404300033,8777135,2725.0,3150.0,73,309,[],,240,120.0,浅色,041040CJ-23G40409,浅色,True,纱架,47.7,6,2725.0,3150.0,,,,
174,2213506,202404300033,8777134,3270.0,3695.0,73,309,[],,240,60.0,浅色,042040CL-23G40408,浅色,True,L,47.7,7,3270.0,3695.0,,,,
198,2213127,202405030007,8777948,3755.0,4180.0,73,309,[],,240,60.0,浅浅,041060CJ-24B42064,浅色,False,M,47.4,8,3755.0,4180.0,,,,
82,4628215,202404150062,8765109,4240.0,4665.0,73,309,['309'],,240,120.0,浅浅,032100CAJ-20B13501,浅色,False,纱架,44.7,9,4240.0,5210.0,,"['4628215', '4627881']","['202404150062', '202404150062']","[425.0, 425.0]"
82,4627881,202404150062,8765109,4785.0,5210.0,73,309,['309'],,240,120.0,浅浅,032100CAJ-20B13501,浅色,False,纱架,44.7,10,4240.0,5210.0,,"['4628215', '4627881']","['202404150062', '202404150062']","[425.0, 425.0]"
63,4628842,202404260173,8775047,5330.0,5755.0,73,309,[],,240,120.0,浅色,042010CY-24Z43216,浅色,True,纱架,43.5,11,5330.0,5755.0,,,,
90,4628234,202404270127,8775075,0.0,425.0,74,312,['312'],,240,120.0,浅浅,041060CJS-23H700003,浅色,False,纱架,74.7,1,0.0,970.0,,"['4628234', '4628235']","['202404270127', '202404270127']","[425.0, 425.0]"
90,4628235,202404270127,8775075,545.0,970.0,74,312,['312'],,240,120.0,浅浅,041060CJS-23H700003,浅色,False,纱架,74.7,2,0.0,970.0,,"['4628234', '4628235']","['202404270127', '202404270127']","[425.0, 425.0]"
110,4626206,202404300034,8777133,1090.0,1515.0,74,312,[],,240,120.0,浅浅,041040CJ-23Z40712,浅色,True,纱架,47.7,3,1090.0,1515.0,,,,
89,4628207,202405040060,8778446,0.0,425.0,75,1003,['1003'],,240,120.0,增白,042120CJS-23W650706,增白,False,纱架,74.7,1,0.0,970.0,,"['4628207', '4628208']","['202405040060', '202405040060']","[425.0, 425.0]"
89,4628208,202405040060,8778446,545.0,970.0,75,1003,['1003'],,240,120.0,增白,042120CJS-23W650706,增白,False,纱架,74.7,2,0.0,970.0,,"['4628207', '4628208']","['202405040060', '202405040060']","[425.0, 425.0]"
145,2213459,202404180186,8767113,1090.0,1515.0,75,1003,[],,240,60.0,增白,682100CAJX-18W10022,增白,False,Y,47.7,3,1090.0,1515.0,,,,
164,2213126,202403290292,8749512,1575.0,2000.0,75,1003,[],,240,60.0,增白,041060CHJ-24W400779,增白,False,M,47.7,4,1575.0,2000.0,,,,
169,2213618,202404230155,8772134,2060.0,2485.0,75,1003,[],,240,60.0,增白,041050CAJ-05W0004,增白,False,M,47.7,5,2060.0,2485.0,,,,
170,2213264,202403290288,8749508,2545.0,2970.0,75,1003,[],,240,60.0,增白,041060CHJ-24W400778,增白,False,M,47.7,6,2545.0,2970.0,,,,
175,2213396,202404110298,8761146,3030.0,3455.0,75,1003,[],,240,60.0,增白,801050J-22W10418,增白,False,M,47.7,7,3030.0,3455.0,,,,
203,2213058,202404030035,8752854,3515.0,3940.0,75,1003,[],,240,60.0,增白,041030CJ-24W400216,增白,False,L,47.7,8,3515.0,3940.0,,,,
183,2213555,202404270207,8776176,4000.0,4425.0,75,1003,[],,240,60.0,增白,041050CHJ-05W0004,增白,False,M,47.4,9,4000.0,4425.0,,,,
185,2213164,202404200064,8772488,4485.0,4910.0,75,1003,[],,240,60.0,增白,042080HJ-05W0013,增白,False,M,47.4,10,4485.0,4910.0,,,,
191,2212741,202404240157,8772351,4970.0,5395.0,75,1003,[],,240,60.0,增白,031045CJ-24W10548,增白,False,Y,47.4,11,4970.0,5395.0,,,,
193,2213568,202404160031,8765829,5455.0,5880.0,75,1003,[],,240,60.0,增白,041040CAJ-05W0002,增白,False,M,45.9,12,5455.0,5880.0,,,,
194,2213566,202404160071,8764816,5940.0,6365.0,75,1003,[],,240,60.0,增白,041040CAJ-05W0002,增白,False,M,45.9,13,5940.0,6365.0,,,,
172,2213637,202404210080,8770305,4240.0,4665.0,76,1110,[],,240,60.0,深色,042080CJ-22B42709,深色,True,M,47.4,1,4240.0,4665.0,,,,
199,2213505,202404300034,8777132,0.0,425.0,77,406,[],,240,60.0,浅浅,042040CL-23Z40711,浅色,True,L,47.7,1,0.0,425.0,,,,
195,2213129,202405030069,8778481,1575.0,2000.0,77,406,[],,240,60.0,浅浅,041060CJ-24R40495,浅色,False,Y,47.4,2,1575.0,2000.0,,,,
123,4628352,202405060096,8779218,2060.0,2485.0,77,406,[],,240,120.0,浅浅,041060CAJS-23R650196,浅色,False,纱架,40.5,3,2060.0,2485.0,,,,
106,4627828,202405040069,8778615,0.0,425.0,78,608,['608'],,240,120.0,深色,041060CAJ-23B405558,深色,False,纱架,76.5,1,0.0,425.0,,,,
147,2213613,202404060159,8758507,545.0,970.0,78,608,[],,240,60.0,深色,022090CJR-24B10311,深色,False,M,47.4,2,545.0,970.0,,,,
160,2213114,202404230130,8771537,1030.0,1455.0,78,608,[],,240,60.0,深色,041050CJ-23B405348,深色,True,L,47.4,3,1030.0,1455.0,,,,
176,2213089,202404160037,8764792,4485.0,4910.0,78,608,[],,240,60.0,深色,041040CAJ-24K40862,深色,True,M,45.9,4,4485.0,4910.0,,,,
122,4628313,202404300064,8777239,4970.0,5395.0,78,608,[],,240,120.0,深色,091100CDKS-22B11805,深色,True,纱架,43.5,5,4970.0,5395.0,,,,
107,4627833,202405040070,8778611,0.0,425.0,79,1106,['1106'],,240,120.0,增白,041060CAJ-23W220244,增白,False,纱架,76.5,1,0.0,425.0,,,,
119,4627973,202404110089,8759768,545.0,970.0,79,1106,[],,240,120.0,增白,601100CDAKS-24W10011,增白,False,纱架,44.7,2,545.0,970.0,,,,
83,4628468,202405030095,8778130,1090.0,1515.0,79,1106,[],,240,120.0,增白,032080CJ-05W0044,增白,False,纱架,44.4,3,1090.0,1515.0,,,,
